Disease ID,Disease Name,Disease Class,Definitions
C0043459,Zellweger Syndrome,inherited metabolic disorder,An autosomal recessive disorder due to defects in PEROXISOME biogenesis which involves more than 13 genes encoding peroxin proteins of the peroxisomal membrane and matrix. Zellweger syndrome is typically seen in the neonatal period with features such as dysmorphic skull; MUSCLE HYPOTONIA; SENSORINEURAL HEARING LOSS; visual compromise; SEIZURES; progressive degeneration of the KIDNEYS and the LIVER. Zellweger-like syndrome refers to phenotypes resembling the neonatal Zellweger syndrome but seen in children or adults with apparently intact peroxisome biogenesis.
C0033860,Psoriasis,integumentary system disease,"A common genetically determined, chronic, inflammatory skin disease characterized by rounded erythematous, dry, scaling patches. The lesions have a predilection for nails, scalp, genitalia, extensor surfaces, and the lumbosacral region. Accelerated epidermopoiesis is considered to be the fundamental pathologic feature in psoriasis."
C0027726,Nephrotic Syndrome,urinary system disease,"A condition characterized by severe PROTEINURIA, greater than 3.5 g/day in an average adult. The substantial loss of protein in the urine results in complications such as HYPOPROTEINEMIA; generalized EDEMA; HYPERTENSION; and HYPERLIPIDEMIAS. Diseases associated with nephrotic syndrome generally cause chronic kidney dysfunction."
C0236969,Substance-Related Disorders,substance-related disorder,Disorders related to substance abuse.
C0002878,"Anemia, Hemolytic",immune system disease,A condition of inadequate circulating red blood cells (ANEMIA) or insufficient HEMOGLOBIN due to premature destruction of red blood cells (ERYTHROCYTES).
C0003872,"Arthritis, Psoriatic",psoriatic arthritis,"A type of inflammatory arthritis associated with PSORIASIS, often involving the axial joints and the peripheral terminal interphalangeal joints. It is characterized by the presence of HLA-B27-associated SPONDYLARTHROPATHY, and the absence of rheumatoid factor."
C0002871,Anemia,immune system disease,A reduction in the number of circulating ERYTHROCYTES or in the quantity of HEMOGLOBIN.
C0206698,Cholangiocarcinoma,cancer,A malignant tumor arising from the epithelium of the BILE DUCTS.
C0206754,Neuroendocrine Tumors,cancer,"Tumors whose cells possess secretory granules and originate from the neuroectoderm, i.e., the cells of the ectoblast or epiblast that program the neuroendocrine system. Common properties across most neuroendocrine tumors include ectopic hormone production (often via APUD CELLS), the presence of tumor-associated antigens, and isozyme composition."
C0024530,Malaria,parasitic infectious disease,"A protozoan disease caused in humans by four species of the PLASMODIUM genus: PLASMODIUM FALCIPARUM; PLASMODIUM VIVAX; PLASMODIUM OVALE; and PLASMODIUM MALARIAE; and transmitted by the bite of an infected female mosquito of the genus ANOPHELES. Malaria is endemic in parts of Asia, Africa, Central and South America, Oceania, and certain Caribbean islands. It is characterized by extreme exhaustion associated with paroxysms of high FEVER; SWEATING; shaking CHILLS; and ANEMIA. Malaria in ANIMALS is caused by other species of plasmodia."
C0598608,Hyperhomocysteinemia,inherited metabolic disorder,"Condition in which the plasma levels of homocysteine and related metabolites are elevated (>13.9 μmol/l). Hyperhomocysteinemia can be familial or acquired. Development of the acquired hyperhomocysteinemia is mostly associated with vitamins B and/or folate deficiency (e.g., PERNICIOUS ANEMIA, vitamin malabsorption). Familial hyperhomocysteinemia often results in a more severe elevation of total homocysteine and excretion into the urine, resulting in HOMOCYSTINURIA. Hyperhomocysteinemia is a risk factor for cardiovascular and neurodegenerative diseases, osteoporotic fractures and complications during pregnancy."
C0019693,Hiv Infections,viral infectious disease,"Includes the spectrum of human immunodeficiency virus infections that range from asymptomatic seropositivity, thru AIDS-related complex (ARC), to acquired immunodeficiency syndrome (AIDS)."
C0027658,"Neoplasms, Germ Cell And Embryonal",cancer,"Neoplasms composed of primordial GERM CELLS of embryonic GONADS or of elements of the germ layers of the EMBRYO, MAMMALIAN. The concept does not refer to neoplasms located in the gonads or present in an embryo or FETUS."
C0002171,Alopecia Areata,immune system disease,Loss of scalp and body hair involving microscopically inflammatory patchy areas.
C0002170,Alopecia,integumentary system disease,Absence of hair from areas where it is normally present.
C0009447,Common Variable Immunodeficiency,immune system disease,"Heterogeneous group of immunodeficiency syndromes characterized by hypogammaglobulinemia of most isotypes, variable B-cell defects, and the presence of recurrent bacterial infections."
C0017658,Glomerulonephritis,urinary system disease,"Inflammation of the renal glomeruli (KIDNEY GLOMERULUS) that can be classified by the type of glomerular injuries including antibody deposition, complement activation, cellular proliferation, and glomerulosclerosis. These structural and functional abnormalities usually lead to HEMATURIA; PROTEINURIA; HYPERTENSION; and RENAL INSUFFICIENCY."
C0035258,Restless Legs Syndrome,nervous system disease,A disorder characterized by aching or burning sensations in the lower and rarely the upper extremities that occur prior to sleep or may awaken the patient from sleep.
C0018671,Head And Neck Neoplasms,cancer,"Soft tissue tumors or cancer arising from the mucosal surfaces of the LIP; oral cavity; PHARYNX; LARYNX; and cervical esophagus. Other sites included are the NOSE and PARANASAL SINUSES; SALIVARY GLANDS; THYROID GLAND and PARATHYROID GLANDS; and MELANOMA and non-melanoma skin cancers of the head and neck. (from Holland et al., Cancer Medicine, 4th ed, p1651)"
C0006118,Brain Neoplasms,cancer,"Neoplasms of the intracranial components of the central nervous system, including the cerebral hemispheres, basal ganglia, hypothalamus, thalamus, brain stem, and cerebellum. Brain neoplasms are subdivided into primary (originating from brain tissue) and secondary (i.e., metastatic) forms. Primary neoplasms are subdivided into benign and malignant forms. In general, brain tumors may also be classified by age of onset, histologic type, or presenting location in the brain."
C0034951,Refractive Errors,nervous system disease,Deviations from the average or standard indices of refraction of the eye through its dioptric or refractive apparatus.
C0019196,Hepatitis C,viral infectious disease,"INFLAMMATION of the LIVER in humans caused by HEPATITIS C VIRUS, a single-stranded RNA virus. Its incubation period is 30-90 days. Hepatitis C is transmitted primarily by contaminated blood parenterally, and is often associated with transfusion and intravenous drug abuse. However, in a significant number of cases, the source of hepatitis C infection is unknown."
C0025500,Mesothelioma,benign neoplasm,"A tumor derived from mesothelial tissue (peritoneum, pleura, pericardium). It appears as broad sheets of cells, with some regions containing spindle-shaped, sarcoma-like cells and other regions showing adenomatous patterns. Pleural mesotheliomas have been linked to exposure to asbestos. (Dorland, 27th ed)"
C0162809,Kallmann Syndrome,endocrine system disease,"A genetically heterogeneous disorder caused by hypothalamic GNRH deficiency and OLFACTORY NERVE defects. It is characterized by congenital HYPOGONADOTROPIC HYPOGONADISM and ANOSMIA, possibly with additional midline defects. It can be transmitted as an X-linked (GENETIC DISEASES, X-LINKED), an autosomal dominant, or an autosomal recessive trait."
C0011849,Diabetes Mellitus,acquired metabolic disease,A heterogeneous group of disorders characterized by HYPERGLYCEMIA and GLUCOSE INTOLERANCE.
C0025958,Microcephaly,congenital nervous system abnormality,"A congenital abnormality in which the CEREBRUM is underdeveloped, the fontanels close prematurely, and, as a result, the head is small. (Desk Reference for Neuroscience, 2nd ed.)"
C0027720,Nephrosis,urinary system disease,Pathological processes of the KIDNEY without inflammatory or neoplastic components. Nephrosis may be a primary disorder or secondary complication of other diseases. It is characterized by the NEPHROTIC SYNDROME indicating the presence of PROTEINURIA and HYPOALBUMINEMIA with accompanying EDEMA.
C0007273,Carotid Artery Diseases,cardiovascular system disease,"Pathological conditions involving the CAROTID ARTERIES, including the common, internal, and external carotid arteries. ATHEROSCLEROSIS and TRAUMA are relatively frequent causes of carotid artery pathology."
C0014556,"Epilepsy, Temporal Lobe",nervous system disease,"A localization-related (focal) form of epilepsy characterized by recurrent seizures that arise from foci within the temporal lobe, most commonly from its mesial aspect. A wide variety of psychic phenomena may be associated, including illusions, hallucinations, dyscognitive states, and affective experiences. The majority of complex partial seizures (see EPILEPSY, COMPLEX PARTIAL) originate from the temporal lobes. Temporal lobe seizures may be classified by etiology as cryptogenic, familial, or symptomatic (i.e., related to an identified disease process or lesion). (From Adams et al., Principles of Neurology, 6th ed, p321)"
C0018099,Gout,musculoskeletal system disease,"Hereditary metabolic disorder characterized by recurrent acute arthritis, hyperuricemia and deposition of sodium urate in and around the joints, sometimes with formation of uric acid calculi."
C0917796,"Optic Atrophy, Hereditary, Leber",nervous system disease,"A maternally linked genetic disorder that presents in mid-life as acute or subacute central vision loss leading to central scotoma and blindness. The disease has been associated with missense mutations in the mtDNA, in genes for Complex I, III, and IV polypeptides, that can act autonomously or in association with each other to cause the disease. (from Online Mendelian Inheritance in Man, http://www.ncbi.nlm.nih.gov/Omim/, MIM#535000 (April 17, 2001))"
C0023891,"Liver Cirrhosis, Alcoholic",gastrointestinal system disease,FIBROSIS of the hepatic parenchyma due to chronic excess ALCOHOL DRINKING.
C0023895,Liver Diseases,gastrointestinal system disease,Pathological processes of the LIVER.
C0022661,"Kidney Failure, Chronic",urinary system disease,"The end-stage of CHRONIC RENAL INSUFFICIENCY. It is characterized by the severe irreversible kidney damage (as measured by the level of PROTEINURIA) and the reduction in GLOMERULAR FILTRATION RATE to less than 15 ml per min (Kidney Foundation: Kidney Disease Outcome Quality Initiative, 2002). These patients generally require HEMODIALYSIS or KIDNEY TRANSPLANTATION."
C0023264,Leigh Disease,inherited metabolic disorder,"A group of metabolic disorders primarily of infancy characterized by the subacute onset of psychomotor retardation, hypotonia, ataxia, weakness, vision loss, eye movement abnormalities, seizures, dysphagia, and lactic acidosis. Pathological features include spongy degeneration of the neuropile of the basal ganglia, thalamus, brain stem, and spinal cord. Patterns of inheritance include X-linked recessive, autosomal recessive, and mitochondrial. Leigh disease has been associated with mutations in genes for the PYRUVATE DEHYDROGENASE COMPLEX; CYTOCHROME-C OXIDASE; ATP synthase subunit 6; and subunits of mitochondrial complex I. (From Menkes, Textbook of Child Neurology, 5th ed, p850)."
C0007570,Celiac Disease,immune system disease,"A malabsorption syndrome that is precipitated by the ingestion of foods containing GLUTEN, such as wheat, rye, and barley. It is characterized by INFLAMMATION of the SMALL INTESTINE, loss of MICROVILLI structure, failed INTESTINAL ABSORPTION, and MALNUTRITION."
C0017601,Glaucoma,nervous system disease,"An ocular disease, occurring in many forms, having as its primary characteristics an unstable or a sustained increase in the intraocular pressure which the eye cannot withstand without damage to its structure or impairment of its function. The consequences of the increased pressure may be manifested in a variety of symptoms, depending upon type and severity, such as excavation of the optic disk, hardness of the eyeball, corneal anesthesia, reduced visual acuity, seeing of colored halos around lights, disturbed dark adaptation, visual field defects, and headaches. (Dictionary of Visual Science, 4th ed)"
C0022116,Ischemia,cardiovascular system disease,"A hypoperfusion of the BLOOD through an organ or tissue caused by a PATHOLOGIC CONSTRICTION or obstruction of its BLOOD VESSELS, or an absence of BLOOD CIRCULATION."
C0032580,Adenomatous Polyposis Coli,monogenic disease,"A polyposis syndrome due to an autosomal dominant mutation of the APC genes (GENES, APC) on CHROMOSOME 5. The syndrome is characterized by the development of hundreds of ADENOMATOUS POLYPS in the COLON and RECTUM of affected individuals by early adulthood."
C0040128,Thyroid Diseases,endocrine system disease,Pathological processes involving the THYROID GLAND.
C0030319,Panic Disorder,cognitive disorder,"A type of anxiety disorder characterized by unexpected panic attacks that last minutes or, rarely, hours. Panic attacks begin with intense apprehension, fear or terror and, often, a feeling of impending doom. Symptoms experienced during a panic attack include dyspnea or sensations of being smothered; dizziness, loss of balance or faintness; choking sensations; palpitations or accelerated heart rate; shakiness; sweating; nausea or other form of abdominal distress; depersonalization or derealization; paresthesias; hot flashes or chills; chest discomfort or pain; fear of dying and fear of not being in control of oneself or going crazy. Agoraphobia may also develop. Similar to other anxiety disorders, it may be inherited as an autosomal dominant trait."
C0001624,Adrenal Gland Neoplasms,cancer,Tumors or cancer of the ADRENAL GLANDS.
C0027819,Neuroblastoma,cancer,"A common neoplasm of early childhood arising from neural crest cells in the sympathetic nervous system, and characterized by diverse clinical behavior, ranging from spontaneous remission to rapid metastatic progression and death. This tumor is the most common intraabdominal malignancy of childhood, but it may also arise from thorax, neck, or rarely occur in the central nervous system. Histologic features include uniform round cells with hyperchromatic nuclei arranged in nests and separated by fibrovascular septa. Neuroblastomas may be associated with the opsoclonus-myoclonus syndrome. (From DeVita et al., Cancer: Principles and Practice of Oncology, 5th ed, pp2099-2101; Curr Opin Oncol 1998 Jan;10(1):43-51)"
C0029422,Osteochondrodysplasias,musculoskeletal system disease,Abnormal development of cartilage and bone.
C0015625,Fanconi Anemia,immune system disease,"Congenital disorder affecting all bone marrow elements, resulting in ANEMIA; LEUKOPENIA; and THROMBOPENIA, and associated with cardiac, renal, and limb malformations as well as dermal pigmentary changes. Spontaneous CHROMOSOME BREAKAGE is a feature of this disease along with predisposition to LEUKEMIA. There are at least 7 complementation groups in Fanconi anemia: FANCA, FANCB, FANCC, FANCD1, FANCD2, FANCE, FANCF, FANCG, and FANCL. (from Online Mendelian Inheritance in Man, http://www.ncbi.nlm.nih.gov/entrez/dispomim.cgi?id=227650, August 20, 2004)"
C0751778,"Myoclonic Epilepsies, Progressive",nervous system disease,"A heterogeneous group of primarily familial disorders characterized by myoclonic seizures, tonic-clonic seizures, ataxia, progressive intellectual deterioration, and neuronal degeneration. These include LAFORA DISEASE; MERRF SYNDROME; NEURONAL CEROID-LIPOFUSCINOSIS; sialidosis (see MUCOLIPIDOSES), and UNVERRICHT-LUNDBORG SYNDROME."
C0162666,Mitochondrial Encephalomyopathies,musculoskeletal system disease,"A heterogenous group of disorders characterized by alterations of mitochondrial metabolism that result in muscle and nervous system dysfunction. These are often multisystemic and vary considerably in age at onset (usually in the first or second decade of life), distribution of affected muscles, severity, and course. (From Adams et al., Principles of Neurology, 6th ed, pp984-5)"
C0019151,Hepatic Encephalopathy,nervous system disease,"A syndrome characterized by central nervous system dysfunction in association with LIVER FAILURE, including portal-systemic shunts. Clinical features include lethargy and CONFUSION (frequently progressing to COMA); ASTERIXIS; NYSTAGMUS, PATHOLOGIC; brisk oculovestibular reflexes; decorticate and decerebrate posturing; MUSCLE SPASTICITY; and bilateral extensor plantar reflexes (see REFLEX, BABINSKI). ELECTROENCEPHALOGRAPHY may demonstrate triphasic waves. (From Adams et al., Principles of Neurology, 6th ed, pp1117-20; Plum & Posner, Diagnosis of Stupor and Coma, 3rd ed, p222-5)"
C0026769,Multiple Sclerosis,nervous system disease,"An autoimmune disorder mainly affecting young adults and characterized by destruction of myelin in the central nervous system. Pathologic findings include multiple sharply demarcated areas of demyelination throughout the white matter of the central nervous system. Clinical manifestations include visual loss, extra-ocular movement disorders, paresthesias, loss of sensation, weakness, dysarthria, spasticity, ataxia, and bladder dysfunction. The usual pattern is one of recurrent attacks followed by partial recovery (see MULTIPLE SCLEROSIS, RELAPSING-REMITTING), but acute fulminating and chronic progressive forms (see MULTIPLE SCLEROSIS, CHRONIC PROGRESSIVE) also occur. (Adams et al., Principles of Neurology, 6th ed, p903)"
C0024141,"Lupus Erythematosus, Systemic",musculoskeletal system disease,"A chronic, relapsing, inflammatory, and often febrile multisystemic disorder of connective tissue, characterized principally by involvement of the skin, joints, kidneys, and serosal membranes. It is of unknown etiology, but is thought to represent a failure of the regulatory mechanisms of the autoimmune system. The disease is marked by a wide range of system dysfunctions, an elevated erythrocyte sedimentation rate, and the formation of LE cells in the blood or bone marrow."
C0175702,Williams Syndrome,chromosomal disease,"A disorder caused by hemizygous microdeletion of about 28 genes on chromosome 7q11.23, including the ELASTIN gene. Clinical manifestations include SUPRAVALVULAR AORTIC STENOSIS; MENTAL RETARDATION; elfin facies; impaired visuospatial constructive abilities; and transient HYPERCALCEMIA in infancy. The condition affects both sexes, with onset at birth or in early infancy."
C0241910,"Hepatitis, Autoimmune",immune system disease,"A chronic self-perpetuating hepatocellular INFLAMMATION of unknown cause, usually with HYPERGAMMAGLOBULINEMIA and serum AUTOANTIBODIES."
C0033578,Prostatic Neoplasms,cancer,Tumors or cancer of the PROSTATE.
C0848558,Hypospadias,hypospadias,"A birth defect due to malformation of the URETHRA in which the urethral opening is below its normal location. In the male, the malformed urethra generally opens on the ventral surface of the PENIS or on the PERINEUM. In the female, the malformed urethral opening is in the VAGINA."
C0026764,Multiple Myeloma,cancer,"A malignancy of mature PLASMA CELLS engaging in monoclonal immunoglobulin production. It is characterized by hyperglobulinemia, excess Bence-Jones proteins (free monoclonal IMMUNOGLOBULIN LIGHT CHAINS) in the urine, skeletal destruction, bone pain, and fractures. Other features include ANEMIA; HYPERCALCEMIA; and RENAL INSUFFICIENCY."
C0015695,Fatty Liver,inherited metabolic disorder,"Lipid infiltration of the hepatic parenchymal cells resulting in a yellow-colored liver. The abnormal lipid accumulation is usually in the form of TRIGLYCERIDES, either as a single large droplet or multiple small droplets. Fatty liver is caused by an imbalance in the metabolism of FATTY ACIDS."
C0023290,"Leishmaniasis, Visceral",parasitic infectious disease,"A chronic disease caused by LEISHMANIA DONOVANI and transmitted by the bite of several sandflies of the genera Phlebotomus and Lutzomyia. It is commonly characterized by fever, chills, vomiting, anemia, hepatosplenomegaly, leukopenia, hypergammaglobulinemia, emaciation, and an earth-gray color of the skin. The disease is classified into three main types according to geographic distribution: Indian, Mediterranean (or infantile), and African."
C0022521,Kartagener Syndrome,ciliopathy,"An autosomal recessive disorder characterized by a triad of DEXTROCARDIA; INFERTILITY; and SINUSITIS. The syndrome is caused by mutations of DYNEIN genes encoding motility proteins which are components of sperm tails, and CILIA in the respiratory and the reproductive tracts."
C0005586,Bipolar Disorder,cognitive disorder,A major affective disorder marked by severe mood swings (manic or major depressive episodes) and a tendency to remission and recurrence.
C0004352,Autistic Disorder,developmental disorder of mental health,A disorder beginning in childhood. It is marked by the presence of markedly abnormal or impaired development in social interaction and communication and a markedly restricted repertoire of activity and interest. Manifestations of the disorder vary greatly depending on the developmental level and chronological age of the individual. (DSM-V)
C0027404,Narcolepsy,sleep disorder,"A condition characterized by recurrent episodes of daytime somnolence and lapses in consciousness (microsomnias) that may be associated with automatic behaviors and AMNESIA. CATAPLEXY; SLEEP PARALYSIS, and hypnagogic HALLUCINATIONS frequently accompany narcolepsy. The pathophysiology of this disorder includes sleep-onset rapid eye movement (REM) sleep, which normally follows stage III or IV sleep. (From Neurology 1998 Feb;50(2 Suppl 1):S2-S7)"
C0001418,Adenocarcinoma,cancer,A malignant epithelial tumor with a glandular organization.
C0887833,"Carcinoma, Pancreatic Ductal",cancer,Carcinoma that arises from the PANCREATIC DUCTS. It accounts for the majority of cancers derived from the PANCREAS.
C0740392,"Infarction, Middle Cerebral Artery",cardiovascular system disease,"NECROSIS occurring in the MIDDLE CEREBRAL ARTERY distribution system which brings blood to the entire lateral aspects of each CEREBRAL HEMISPHERE. Clinical signs include impaired cognition; APHASIA; AGRAPHIA; weak and numbness in the face and arms, contralaterally or bilaterally depending on the infarction."
C0023343,Leprosy,bacterial infectious disease,"A chronic granulomatous infection caused by MYCOBACTERIUM LEPRAE. The granulomatous lesions are manifested in the skin, the mucous membranes, and the peripheral nerves. Two polar or principal types are lepromatous and tuberculoid."
C0027051,Myocardial Infarction,cardiovascular system disease,NECROSIS of the MYOCARDIUM caused by an obstruction of the blood supply to the heart (CORONARY CIRCULATION).
C0018995,Hemochromatosis,inherited metabolic disorder,"A disorder of iron metabolism characterized by a triad of HEMOSIDEROSIS; LIVER CIRRHOSIS; and DIABETES MELLITUS. It is caused by massive iron deposits in parenchymal cells that may develop after a prolonged increase of iron absorption. (Jablonski's Dictionary of Syndromes & Eponymic Diseases, 2d ed)"
C0030354,Papilloma,benign neoplasm,"A circumscribed benign epithelial tumor projecting from the surrounding surface; more precisely, a benign epithelial neoplasm consisting of villous or arborescent outgrowths of fibrovascular stroma covered by neoplastic cells. (Stedman, 25th ed)"
C0022658,Kidney Diseases,urinary system disease,Pathological processes of the KIDNEY or its component tissues.
C0206062,"Lung Diseases, Interstitial",respiratory system disease,"A diverse group of lung diseases that affect the lung parenchyma. They are characterized by an initial inflammation of PULMONARY ALVEOLI that extends to the interstitium and beyond leading to diffuse PULMONARY FIBROSIS. Interstitial lung diseases are classified by their etiology (known or unknown causes), and radiological-pathological features."
C0206726,Gliosarcoma,cancer,"Rare mixed tumors of the brain and rarely the spinal cord which contain malignant neuroectodermal (glial) and mesenchymal components, including spindle-shaped fibrosarcoma cells. These tumors are highly aggressive and present primarily in adults as rapidly expanding mass lesions. They may arise in tissue that has been previously irradiated. (From Br J Neurosurg 1995 Apr;9(2):171-8)"
C0206686,Adrenocortical Carcinoma,cancer,"A malignant neoplasm of the ADRENAL CORTEX. Adrenocortical carcinomas are unencapsulated anaplastic (ANAPLASIA) masses sometimes exceeding 20 cm or 200 g. They are more likely to be functional than nonfunctional, and produce ADRENAL CORTEX HORMONES that may result in hypercortisolism (CUSHING SYNDROME); HYPERALDOSTERONISM; and/or VIRILISM."
C1800706,Idiopathic Pulmonary Fibrosis,respiratory system disease,"A common interstitial lung disease of unknown etiology, usually occurring between 50-70 years of age. Clinically, it is characterized by an insidious onset of breathlessness with exertion and a nonproductive cough, leading to progressive DYSPNEA. Pathological features show scant interstitial inflammation, patchy collagen fibrosis, prominent fibroblast proliferation foci, and microscopic honeycomb change."
C0021051,Immunologic Deficiency Syndromes,immune system disease,"Syndromes in which there is a deficiency or defect in the mechanisms of immunity, either cellular or humoral."
C0035334,Retinitis Pigmentosa,nervous system disease,"Hereditary, progressive degeneration of the neuroepithelium of the retina characterized by night blindness and progressive contraction of the visual field."
C0151744,Myocardial Ischemia,cardiovascular system disease,"A disorder of cardiac function caused by insufficient blood flow to the muscle tissue of the heart. The decreased blood flow may be due to narrowing of the coronary arteries (CORONARY ARTERY DISEASE), to obstruction by a thrombus (CORONARY THROMBOSIS), or less commonly, to diffuse narrowing of arterioles and other small vessels within the heart. Severe interruption of the blood supply to the myocardial tissue may result in necrosis of cardiac muscle (MYOCARDIAL INFARCTION)."
C0019202,Hepatolenticular Degeneration,gastrointestinal system disease,"A rare autosomal recessive disease characterized by the deposition of copper in the BRAIN; LIVER; CORNEA; and other organs. It is caused by defects in the ATP7B gene encoding copper-transporting ATPase 2 (EC 3.6.3.4), also known as the Wilson disease protein. The overload of copper inevitably leads to progressive liver and neurological dysfunction such as LIVER CIRRHOSIS; TREMOR; ATAXIA and intellectual deterioration. Hepatic dysfunction may precede neurologic dysfunction by several years."
C0026846,Muscular Atrophy,musculoskeletal system disease,"Derangement in size and number of muscle fibers occurring with aging, reduction in blood supply, or following immobilization, prolonged weightlessness, malnutrition, and particularly in denervation."
C0004782,Basal Ganglia Diseases,nervous system disease,Diseases of the BASAL GANGLIA including the PUTAMEN; GLOBUS PALLIDUS; claustrum; AMYGDALA; and CAUDATE NUCLEUS. DYSKINESIAS (most notably involuntary movements and alterations of the rate of movement) represent the primary clinical manifestations of these disorders. Common etiologies include CEREBROVASCULAR DISORDERS; NEURODEGENERATIVE DISEASES; and CRANIOCEREBRAL TRAUMA.
C0019163,Hepatitis B,viral infectious disease,"INFLAMMATION of the LIVER in humans caused by a member of the ORTHOHEPADNAVIRUS genus, HEPATITIS B VIRUS. It is primarily transmitted by parenteral exposure, such as transfusion of contaminated blood or blood products, but can also be transmitted via sexual or intimate personal contact."
C0024115,Lung Diseases,respiratory system disease,Pathological processes involving any part of the LUNG.
C0039685,Tetralogy Of Fallot,cardiovascular system disease,"A combination of congenital heart defects consisting of four key features including VENTRICULAR SEPTAL DEFECTS; PULMONARY STENOSIS; RIGHT VENTRICULAR HYPERTROPHY; and a dextro-positioned AORTA. In this condition, blood from both ventricles (oxygen-rich and oxygen-poor) is pumped into the body often causing CYANOSIS."
C0004763,Barrett Esophagus,gastrointestinal system disease,"A condition with damage to the lining of the lower ESOPHAGUS resulting from chronic acid reflux (ESOPHAGITIS, REFLUX). Through the process of metaplasia, the squamous cells are replaced by a columnar epithelium with cells resembling those of the INTESTINE or the salmon-pink mucosa of the STOMACH. Barrett's columnar epithelium is a marker for severe reflux and precursor to ADENOCARCINOMA of the esophagus."
C0014544,Epilepsy,nervous system disease,"A disorder characterized by recurrent episodes of paroxysmal brain dysfunction due to a sudden, disorderly, and excessive neuronal discharge. Epilepsy classification systems are generally based upon: (1) clinical features of the seizure episodes (e.g., motor seizure), (2) etiology (e.g., post-traumatic), (3) anatomic site of seizure origin (e.g., frontal lobe seizure), (4) tendency to spread to other structures in the brain, and (5) temporal patterns (e.g., nocturnal epilepsy). (From Adams et al., Principles of Neurology, 6th ed, p313)"
C0085110,Severe Combined Immunodeficiency,immune system disease,"Group of rare congenital disorders characterized by impairment of both humoral and cell-mediated immunity, leukopenia, and low or absent antibody levels. It is inherited as an X-linked or autosomal recessive defect. Mutations occurring in many different genes cause human Severe Combined Immunodeficiency (SCID)."
C0018799,Heart Diseases,cardiovascular system disease,Pathological conditions involving the HEART including its structural and functional abnormalities.
C0024809,Marijuana Abuse,substance-related disorder,The excessive use of marijuana with associated psychological symptoms and impairment in social or occupational functioning.
C0023976,Long Qt Syndrome,monogenic disease,A condition that is characterized by episodes of fainting (SYNCOPE) and varying degree of ventricular arrhythmia as indicated by the prolonged QT interval. The inherited forms are caused by mutation of genes encoding cardiac ion channel proteins. The two major forms are ROMANO-WARD SYNDROME and JERVELL-LANGE NIELSEN SYNDROME.
C0006413,Burkitt Lymphoma,cancer,"A form of undifferentiated malignant LYMPHOMA usually found in central Africa, but also reported in other parts of the world. It is commonly manifested as a large osteolytic lesion in the jaw or as an abdominal mass. B-cell antigens are expressed on the immature cells that make up the tumor in virtually all cases of Burkitt lymphoma. The Epstein-Barr virus (HERPESVIRUS 4, HUMAN) has been isolated from Burkitt lymphoma cases in Africa and it is implicated as the causative agent in these cases; however, most non-African cases are EBV-negative."
C0079541,Holoprosencephaly,congenital nervous system abnormality,"Anterior midline brain, cranial, and facial malformations resulting from the failure of the embryonic prosencephalon to undergo segmentation and cleavage. Alobar prosencephaly is the most severe form and features anophthalmia; cyclopia; severe INTELLECTUAL DISABILITY; CLEFT LIP; CLEFT PALATE; SEIZURES; and microcephaly. Semilobar holoprosencepaly is characterized by hypotelorism, microphthalmia, coloboma, nasal malformations, and variable degrees of INTELLECTUAL DISABILITY. Lobar holoprosencephaly is associated with mild (or absent) facial malformations and intellectual abilities that range from mild INTELLECTUAL DISABILITY to normal. Holoprosencephaly is associated with CHROMOSOME ABNORMALITIES."
C0020179,Huntington Disease,nervous system disease,"A familial disorder inherited as an autosomal dominant trait and characterized by the onset of progressive CHOREA and DEMENTIA in the fourth or fifth decade of life. Common initial manifestations include paranoia; poor impulse control; DEPRESSION; HALLUCINATIONS; and DELUSIONS. Eventually intellectual impairment; loss of fine motor control; ATHETOSIS; and diffuse chorea involving axial and limb musculature develops, leading to a vegetative state within 10-15 years of disease onset. The juvenile variant has a more fulminant course including SEIZURES; ATAXIA; dementia; and chorea. (From Adams et al., Principles of Neurology, 6th ed, pp1060-4)"
C0017636,Glioblastoma,cancer,"A malignant form of astrocytoma histologically characterized by pleomorphism of cells, nuclear atypia, microhemorrhage, and necrosis. They may arise in any region of the central nervous system, with a predilection for the cerebral hemispheres, basal ganglia, and commissural pathways. Clinical presentation most frequently occurs in the fifth or sixth decade of life with focal neurologic signs or seizures."
C0017638,Glioma,cancer,"Benign and malignant central nervous system neoplasms derived from glial cells (i.e., astrocytes, oligodendrocytes, and ependymocytes). Astrocytes may give rise to astrocytomas (ASTROCYTOMA) or glioblastoma multiforme (see GLIOBLASTOMA). Oligodendrocytes give rise to oligodendrogliomas (OLIGODENDROGLIOMA) and ependymocytes may undergo transformation to become EPENDYMOMA; CHOROID PLEXUS NEOPLASMS; or colloid cysts of the third ventricle. (From Escourolle et al., Manual of Basic Neuropathology, 2nd ed, p21)"
C0013080,Down Syndrome,chromosomal disease,"A chromosome disorder associated either with an extra chromosome 21 or an effective trisomy for chromosome 21. Clinical manifestations include hypotonia, short stature, brachycephaly, upslanting palpebral fissures, epicanthus, Brushfield spots on the iris, protruding tongue, small ears, short, broad hands, fifth finger clinodactyly, Simian crease, and moderate to severe INTELLECTUAL DISABILITY. Cardiac and gastrointestinal malformations, a marked increase in the incidence of LEUKEMIA, and the early onset of ALZHEIMER DISEASE are also associated with this condition. Pathologic features include the development of NEUROFIBRILLARY TANGLES in neurons and the deposition of AMYLOID BETA-PROTEIN, similar to the pathology of ALZHEIMER DISEASE. (Menkes, Textbook of Child Neurology, 5th ed, p213)"
C0030305,Pancreatitis,endocrine system disease,"INFLAMMATION of the PANCREAS. Pancreatitis is classified as acute unless there are computed tomographic or endoscopic retrograde cholangiopancreatographic findings of CHRONIC PANCREATITIS (International Symposium on Acute Pancreatitis, Atlanta, 1992). The two most common forms of acute pancreatitis are ALCOHOLIC PANCREATITIS and gallstone pancreatitis."
C0002514,"Amino Acid Metabolism, Inborn Errors",inherited metabolic disorder,"Disorders affecting amino acid metabolism. The majority of these disorders are inherited and present in the neonatal period with metabolic disturbances (e.g., ACIDOSIS) and neurologic manifestations. They are present at birth, although they may not become symptomatic until later in life."
C0032914,Pre-Eclampsia,cardiovascular system disease,"A complication of PREGNANCY, characterized by a complex of symptoms including maternal HYPERTENSION and PROTEINURIA with or without pathological EDEMA. Symptoms may range between mild and severe. Pre-eclampsia usually occurs after the 20th week of gestation, but may develop before this time in the presence of trophoblastic disease."
C0032460,Polycystic Ovary Syndrome,polycystic ovary syndrome,"A complex disorder characterized by infertility, HIRSUTISM; OBESITY; and various menstrual disturbances such as OLIGOMENORRHEA; AMENORRHEA; ANOVULATION. Polycystic ovary syndrome is usually associated with bilateral enlarged ovaries studded with atretic follicles, not with cysts. The term, polycystic ovary, is misleading."
C0007786,Brain Ischemia,cardiovascular system disease,"Localized reduction of blood flow to brain tissue due to arterial obstruction or systemic hypoperfusion. This frequently occurs in conjunction with brain hypoxia (HYPOXIA, BRAIN). Prolonged ischemia is associated with BRAIN INFARCTION."
C0007785,Cerebral Infarction,cardiovascular system disease,"The formation of an area of NECROSIS in the CEREBRUM caused by an insufficiency of arterial or venous blood flow. Infarcts of the cerebrum are generally classified by hemisphere (i.e., left vs. right), lobe (e.g., frontal lobe infarction), arterial distribution (e.g., INFARCTION, ANTERIOR CEREBRAL ARTERY), and etiology (e.g., embolic infarction)."
C0029401,Osteitis Deformans,musculoskeletal system disease,"A disease marked by repeated episodes of increased bone resorption followed by excessive attempts at repair, resulting in weakened, deformed bones of increased mass. The resultant architecture of the bone assumes a mosaic pattern in which the fibers take on a haphazard pattern instead of the normal parallel symmetry."
C0162671,Melas Syndrome,musculoskeletal system disease,"A mitochondrial disorder characterized by focal or generalized seizures, episodes of transient or persistent neurologic dysfunction resembling strokes, and ragged-red fibers on muscle biopsy. Affected individuals tend to be normal at birth through early childhood, then experience growth failure, episodic vomiting, and recurrent cerebral insults resulting in visual loss and hemiparesis. The cortical lesions tend to occur in the parietal and occipital lobes and are not associated with vascular occlusion. VASCULAR HEADACHE is frequently associated and the disorder tends to be familial. (From Joynt, Clinical Neurology, 1992, Ch56, p117)"
C0162670,Mitochondrial Myopathies,musculoskeletal system disease,A group of muscle diseases associated with abnormal mitochondria function.
C0009375,Colonic Neoplasms,benign neoplasm,Tumors or cancer of the COLON.
C0006111,Brain Diseases,nervous system disease,"Pathologic conditions affecting the BRAIN, which is composed of the intracranial components of the CENTRAL NERVOUS SYSTEM. This includes (but is not limited to) the CEREBRAL CORTEX; intracranial white matter; BASAL GANGLIA; THALAMUS; HYPOTHALAMUS; BRAIN STEM; and CEREBELLUM."
C0005138,Berylliosis,respiratory system disease,"A form of pneumoconiosis caused by inhaled rare metal BERYLLIUM or its soluble salts which are used in a wide variety of industry including alloys, ceramics, radiographic equipment, and vacuum tubes. Berylliosis is characterized by an acute inflammatory reaction in the upper airway leading to BRONCHIOLITIS; PULMONARY EDEMA; and pneumonia."
C0020437,Hypercalcemia,acquired metabolic disease,Abnormally high level of calcium in the blood.
C0036202,Sarcoidosis,immune system disease,"An idiopathic systemic inflammatory granulomatous disorder comprised of epithelioid and multinucleated giant cells with little necrosis. It usually invades the lungs with fibrosis and may also involve lymph nodes, skin, liver, spleen, eyes, phalangeal bones, and parotid glands."
C0023903,Liver Neoplasms,cancer,Tumors or cancer of the LIVER.
C0038325,Stevens-Johnson Syndrome,integumentary system disease,"Rare cutaneous eruption characterized by extensive KERATINOCYTE apoptosis resulting in skin detachment with mucosal involvement. It is often provoked by the use of drugs (e.g., antibiotics and anticonvulsants) or associated with PNEUMONIA, MYCOPLASMA. It is considered a continuum of Toxic Epidermal Necrolysis."
C0023186,Learning Disorders,developmental disorder of mental health,"Conditions characterized by a significant discrepancy between an individual's perceived level of intellect and their ability to acquire new language and other cognitive skills. These disorders may result from organic or psychological conditions. Relatively common subtypes include DYSLEXIA, DYSCALCULIA, and DYSGRAPHIA."
C0024796,Marfan Syndrome,monogenic disease,"An autosomal dominant disorder of CONNECTIVE TISSUE with abnormal features in the heart, the eye, and the skeleton. Cardiovascular manifestations include MITRAL VALVE PROLAPSE, dilation of the AORTA, and aortic dissection. Other features include lens displacement (ectopia lentis), disproportioned long limbs and enlarged DURA MATER (dural ectasia). Marfan syndrome is associated with mutations in the gene encoding fibrillin, a major element of extracellular microfibrils of connective tissue."
C0024121,Lung Neoplasms,benign neoplasm,Tumors or cancer of the LUNG.
C0270853,"Myoclonic Epilepsy, Juvenile",nervous system disease,"A disorder characterized by the onset of myoclonus in adolescence, a marked increase in the incidence of absence seizures (see EPILEPSY, ABSENCE), and generalized major motor seizures (see EPILEPSY, TONIC-CLONIC). The myoclonic episodes tend to occur shortly after awakening. Seizures tend to be aggravated by sleep deprivation and alcohol consumption. Hereditary and sporadic forms have been identified. (From Adams et al., Principles of Neurology, 6th ed, p323)"
C0162820,"Dermatitis, Allergic Contact",integumentary system disease,A contact dermatitis due to allergic sensitization to various substances. These substances subsequently produce inflammatory reactions in the skin of those who have acquired hypersensitivity to them as a result of prior exposure.
C0021841,Intestinal Neoplasms,benign neoplasm,Tumors or cancer of the INTESTINES.
C0007193,"Cardiomyopathy, Dilated",cardiovascular system disease,"A form of CARDIAC MUSCLE disease that is characterized by ventricular dilation, VENTRICULAR DYSFUNCTION, and HEART FAILURE. Risk factors include SMOKING; ALCOHOL DRINKING; HYPERTENSION; INFECTION; PREGNANCY; and mutations in the LMNA gene encoding LAMIN TYPE A, a NUCLEAR LAMINA protein."
C0752166,Bardet-Biedl Syndrome,monogenic disease,An autosomal recessive disorder characterized by RETINITIS PIGMENTOSA; POLYDACTYLY; OBESITY; MENTAL RETARDATION; hypogenitalism; renal dysplasia; and short stature. This syndrome has been distinguished as a separate entity from LAURENCE-MOON SYNDROME. (From J Med Genet 1997 Feb;34(2):92-8)
C0025202,Melanoma,cancer,"A malignant neoplasm derived from cells that are capable of forming melanin, which may occur in the skin of any part of the body, in the eye, or, rarely, in the mucous membranes of the genitalia, anus, oral cavity, or other sites. It occurs mostly in adults and may originate de novo or from a pigmented nevus or malignant lentigo. Melanomas frequently metastasize widely, and the regional lymph nodes, liver, lungs, and brain are likely to be involved. The incidence of malignant skin melanomas is rising rapidly in all parts of the world. (Stedman, 25th ed; from Rook et al., Textbook of Dermatology, 4th ed, p2445)"
C0032285,Pneumonia,respiratory system disease,Infection of the lung often accompanied by inflammation.
C0033805,Pseudohypoaldosteronism,urinary system disease,"A heterogeneous group of disorders characterized by renal electrolyte transport dysfunctions. Congenital forms are rare autosomal disorders characterized by neonatal hypertension, HYPERKALEMIA, increased RENIN activity and ALDOSTERONE concentration. The Type I features HYPERKALEMIA with sodium wasting; Type II, HYPERKALEMIA without sodium wasting. Pseudohypoaldosteronism can be the result of a defective renal electrolyte transport protein or acquired after KIDNEY TRANSPLANTATION."
C0020619,Hypogonadism,endocrine system disease,"Condition resulting from deficient gonadal functions, such as GAMETOGENESIS and the production of GONADAL STEROID HORMONES. It is characterized by delay in GROWTH, germ cell maturation, and development of secondary sex characteristics. Hypogonadism can be due to a deficiency of GONADOTROPINS (hypogonadotropic hypogonadism) or due to primary gonadal failure (hypergonadotropic hypogonadism)."
C0026650,Movement Disorders,nervous system disease,"Syndromes which feature DYSKINESIAS as a cardinal manifestation of the disease process. Included in this category are degenerative, hereditary, post-infectious, medication-induced, post-inflammatory, and post-traumatic conditions."
C0020615,Hypoglycemia,endocrine system disease,A syndrome of abnormally low BLOOD GLUCOSE level. Clinical hypoglycemia has diverse etiologies. Severe hypoglycemia eventually lead to glucose deprivation of the CENTRAL NERVOUS SYSTEM resulting in HUNGER; SWEATING; PARESTHESIA; impaired mental function; SEIZURES; COMA; and even DEATH.
C0002895,"Anemia, Sickle Cell",monogenic disease,"A disease characterized by chronic hemolytic anemia, episodic painful crises, and pathologic involvement of many organs. It is the clinical expression of homozygosity for hemoglobin S."
C0238288,"Muscular Dystrophy, Facioscapulohumeral",musculoskeletal system disease,"An autosomal dominant degenerative muscle disease characterized by slowly progressive weakness of the muscles of the face, upper-arm, and shoulder girdle. The onset of symptoms usually occurs in the first or second decade of life. Affected individuals usually present with impairment of upper extremity elevation. This tends to be followed by facial weakness, primarily involving the orbicularis oris and orbicularis oculi muscles. (Neuromuscul Disord 1997;7(1):55-62; Adams et al., Principles of Neurology, 6th ed, p1420)"
C0004153,Atherosclerosis,cardiovascular system disease,A thickening and loss of elasticity of the walls of ARTERIES that occurs with formation of ATHEROSCLEROTIC PLAQUES within the ARTERIAL INTIMA.
C0004096,Asthma,respiratory system disease,"A form of bronchial disorder with three distinct components: airway hyper-responsiveness (RESPIRATORY HYPERSENSITIVITY), airway INFLAMMATION, and intermittent AIRWAY OBSTRUCTION. It is characterized by spasmodic contraction of airway smooth muscle, WHEEZING, and dyspnea (DYSPNEA, PAROXYSMAL)."
C0949658,"Cardiomyopathy, Hypertrophic, Familial",cardiovascular system disease,An autosomal dominant inherited form of HYPERTROPHIC CARDIOMYOPATHY. It results from any of more than 50 mutations involving genes encoding contractile proteins such as VENTRICULAR MYOSINS; cardiac TROPONIN T; ALPHA-TROPOMYOSIN.
C0037286,Skin Neoplasms,benign neoplasm,Tumors or cancer of the SKIN.
C0268237,Cytochrome-C Oxidase Deficiency,inherited metabolic disorder,"A disease that results from a congenital defect in ELECTRON TRANSPORT COMPLEX IV. Defects in ELECTRON TRANSPORT COMPLEX IV can be caused by mutations in the SURF1, SCO2, COX10, or SCO1 genes. ELECTRON TRANSPORT COMPLEX IV deficiency caused by mutation in SURF1 manifests itself as LEIGH DISEASE; that caused by mutation in SCO2 as fatal infantile cardioencephalomyopathy; that caused by mutation in COX10 as tubulopathy and leukodystrophy; and that caused by mutation in SCO1 as early-onset hepatic failure and neurologic disorder. (from Online Mendelian Inheritance in Man, http://www.ncbi.nlm.nih.gov/Omim, MIM#220110, May 17, 2001)"
C0035304,Retinal Degeneration,nervous system disease,"A retrogressive pathological change in the retina, focal or generalized, caused by genetic defects, inflammation, trauma, vascular disease, or aging. Degeneration affecting predominantly the macula lutea of the retina is MACULAR DEGENERATION. (Newell, Ophthalmology: Principles and Concepts, 7th ed, p304)"
C0011615,"Dermatitis, Atopic",integumentary system disease,"A chronic inflammatory genetically determined disease of the skin marked by increased ability to form reagin (IgE), with increased susceptibility to allergic rhinitis and asthma, and hereditary disposition to a lowered threshold for pruritus. It is manifested by lichenification, excoriation, and crusting, mainly on the flexural surfaces of the elbow and knee. In infants it is known as infantile eczema."
C0029456,Osteoporosis,musculoskeletal system disease,"Reduction of bone mass without alteration in the composition of bone, leading to fractures. Primary osteoporosis can be of two major types: postmenopausal osteoporosis (OSTEOPOROSIS, POSTMENOPAUSAL) and age-related or senile osteoporosis."
C0018801,Heart Failure,cardiovascular system disease,"A heterogeneous condition in which the heart is unable to pump out sufficient blood to meet the metabolic need of the body. Heart failure can be caused by structural defects, functional abnormalities (VENTRICULAR DYSFUNCTION), or a sudden overload beyond its capacity. Chronic heart failure is more common than acute heart failure which results from sudden insult to cardiac function, such as MYOCARDIAL INFARCTION."
C0677776,Hereditary Breast And Ovarian Cancer Syndrome,monogenic disease,Autosomal dominant HEREDITARY CANCER SYNDROME in which a mutation most often in either BRCA1 or BRCA2 is associated with a significantly increased risk for breast and ovarian cancers.
C0349788,Arrhythmogenic Right Ventricular Dysplasia,cardiovascular system disease,A congenital cardiomyopathy that is characterized by infiltration of adipose and fibrous tissue into the RIGHT VENTRICLE wall and loss of myocardial cells. Primary injuries usually are at the free wall of right ventricular and right atria resulting in ventricular and supraventricular arrhythmias.
C0011882,Diabetic Neuropathies,nervous system disease,"Peripheral, autonomic, and cranial nerve disorders that are associated with DIABETES MELLITUS. These conditions usually result from diabetic microvascular injury involving small blood vessels that supply nerves (VASA NERVORUM). Relatively common conditions which may be associated with diabetic neuropathy include third nerve palsy (see OCULOMOTOR NERVE DISEASES); MONONEUROPATHY; mononeuropathy multiplex; diabetic amyotrophy; a painful POLYNEUROPATHY; autonomic neuropathy; and thoracoabdominal neuropathy. (From Adams et al., Principles of Neurology, 6th ed, p1325)"
C0042373,Vascular Diseases,cardiovascular system disease,Pathological processes involving any of the BLOOD VESSELS in the cardiac or peripheral circulation. They include diseases of ARTERIES; VEINS; and rest of the vasculature system in the body.
C0023418,Leukemia,cancer,"A progressive, malignant disease of the blood-forming organs, characterized by distorted proliferation and development of leukocytes and their precursors in the blood and bone marrow. Leukemias were originally termed acute or chronic based on life expectancy but now are classified according to cellular maturity. Acute leukemias consist of predominately immature cells; chronic leukemias are composed of more mature cells. (From The Merck Manual, 2006)"
C0027707,"Nephritis, Interstitial",urinary system disease,"Inflammation of the interstitial tissue of the kidney. This term is generally used for primary inflammation of KIDNEY TUBULES and/or surrounding interstitium. For primary inflammation of glomerular interstitium, see GLOMERULONEPHRITIS. Infiltration of the inflammatory cells into the interstitial compartment results in EDEMA, increased spaces between the tubules, and tubular renal dysfunction."
C1527336,Sjogren'S Syndrome,immune system disease,"Chronic inflammatory and autoimmune disease in which the salivary and lacrimal glands undergo progressive destruction by lymphocytes and plasma cells resulting in decreased production of saliva and tears. The primary form, often called sicca syndrome, involves both KERATOCONJUNCTIVITIS SICCA and XEROSTOMIA. The secondary form includes, in addition, the presence of a connective tissue disease, usually rheumatoid arthritis."
C0002736,Amyotrophic Lateral Sclerosis,nervous system disease,"A degenerative disorder affecting upper MOTOR NEURONS in the brain and lower motor neurons in the brain stem and SPINAL CORD. Disease onset is usually after the age of 50 and the process is usually fatal within 3 to 6 years. Clinical manifestations include progressive weakness, atrophy, FASCICULATION, hyperreflexia, DYSARTHRIA, dysphagia, and eventual paralysis of respiratory function. Pathologic features include the replacement of motor neurons with fibrous ASTROCYTES and atrophy of anterior SPINAL NERVE ROOTS and corticospinal tracts. (From Adams et al., Principles of Neurology, 6th ed, pp1089-94)"
C0008370,Cholestasis,gastrointestinal system disease,Impairment of bile flow due to obstruction in small bile ducts (INTRAHEPATIC CHOLESTASIS) or obstruction in large bile ducts (EXTRAHEPATIC CHOLESTASIS).
C0009319,Colitis,gastrointestinal system disease,"Inflammation of the COLON section of the large intestine (INTESTINE, LARGE), usually with symptoms such as DIARRHEA (often with blood and mucus), ABDOMINAL PAIN, and FEVER."
C0149931,Migraine Disorders,nervous system disease,"A class of disabling primary headache disorders, characterized by recurrent unilateral pulsatile headaches. The two major subtypes are common migraine (without aura) and classic migraine (with aura or neurological symptoms). (International Classification of Headache Disorders, 2nd ed. Cephalalgia 2004: suppl 1)"
C0524620,Metabolic Syndrome X,acquired metabolic disease,"A cluster of metabolic risk factors for CARDIOVASCULAR DISEASES and TYPE 2 DIABETES MELLITUS. The major components of metabolic syndrome X include excess ABDOMINAL FAT; atherogenic DYSLIPIDEMIA; HYPERTENSION; HYPERGLYCEMIA; INSULIN RESISTANCE; a proinflammatory state; and a prothrombotic (THROMBOSIS) state. (from AHA/NHLBI/ADA Conference Proceedings, Circulation 2004; 109:551-556)"
C0007138,"Carcinoma, Transitional Cell",cancer,"A malignant neoplasm derived from TRANSITIONAL EPITHELIAL CELLS, occurring chiefly in the URINARY BLADDER; URETERS; or RENAL PELVIS."
C0026691,Mucocutaneous Lymph Node Syndrome,immune system disease,"An acute, febrile, mucocutaneous condition accompanied by swelling of cervical lymph nodes in infants and young children. The principal symptoms are fever, congestion of the ocular conjunctivae, reddening of the lips and oral cavity, protuberance of tongue papillae, and edema or erythema of the extremities."
C0033687,Proteinuria,urinary system disease,"The presence of proteins in the urine, an indicator of KIDNEY DISEASES."
C0007959,Charcot-Marie-Tooth Disease,nervous system disease,"A hereditary motor and sensory neuropathy transmitted most often as an autosomal dominant trait and characterized by progressive distal wasting and loss of reflexes in the muscles of the legs (and occasionally involving the arms). Onset is usually in the second to fourth decade of life. This condition has been divided into two subtypes, hereditary motor and sensory neuropathy (HMSN) types I and II. HMSN I is associated with abnormal nerve conduction velocities and nerve hypertrophy, features not seen in HMSN II. (Adams et al., Principles of Neurology, 6th ed, p1343)"
C0001430,Adenoma,benign neoplasm,A benign epithelial tumor with a glandular organization.
C0027947,Neutropenia,immune system disease,A decrease in the number of NEUTROPHILS found in the blood.
C0032273,Pneumoconiosis,respiratory system disease,"A diffuse parenchymal lung disease caused by inhalation of dust and by tissue reaction to their presence. These inorganic, organic, particulate, or vaporized matters usually are inhaled by workers in their occupational environment, leading to the various forms (ASBESTOSIS; BYSSINOSIS; and others). Similar air pollution can also have deleterious effects on the general population."
C0007222,Cardiovascular Diseases,cardiovascular system disease,Pathological conditions involving the CARDIOVASCULAR SYSTEM including the HEART; the BLOOD VESSELS; or the PERICARDIUM.
C0040034,Thrombocytopenia,immune system disease,A subnormal level of BLOOD PLATELETS.
C0036920,Sezary Syndrome,cancer,"A form of cutaneous T-cell lymphoma manifested by generalized exfoliative ERYTHRODERMA; PRURITUS; peripheral lymphadenopathy, and abnormal hyperchromatic mononuclear (cerebriform) cells in the skin, LYMPH NODES, and peripheral blood (Sezary cells)."
C0011884,Diabetic Retinopathy,nervous system disease,"Disease of the RETINA as a complication of DIABETES MELLITUS. It is characterized by the progressive microvascular complications, such as ANEURYSM, interretinal EDEMA, and intraocular PATHOLOGIC NEOVASCULARIZATION."
C0003469,Anxiety Disorders,cognitive disorder,Persistent and disabling ANXIETY.
C0026603,Motion Sickness,nervous system disease,"Disorder caused by motion, as sea sickness, train sickness, car sickness, air sickness, or SPACE MOTION SICKNESS. It may include nausea, vomiting and dizziness."
C0024305,"Lymphoma, Non-Hodgkin",cancer,"Any of a group of malignant tumors of lymphoid tissue that differ from HODGKIN DISEASE, being more heterogeneous with respect to malignant cell lineage, clinical course, prognosis, and therapy. The only common feature among these tumors is the absence of giant REED-STERNBERG CELLS, a characteristic of Hodgkin's disease."
C0040028,"Thrombocythemia, Essential",cancer,A clinical syndrome characterized by repeated spontaneous hemorrhages and a remarkable increase in the number of circulating platelets.
C0018923,Hemangiosarcoma,cancer,"A rare malignant neoplasm characterized by rapidly proliferating, extensively infiltrating, anaplastic cells derived from blood vessels and lining irregular blood-filled or lumpy spaces. (Stedman, 25th ed)"
C0025149,Medulloblastoma,cancer,"A malignant neoplasm that may be classified either as a glioma or as a primitive neuroectodermal tumor of childhood (see NEUROECTODERMAL TUMOR, PRIMITIVE). The tumor occurs most frequently in the first decade of life with the most typical location being the cerebellar vermis. Histologic features include a high degree of cellularity, frequent mitotic figures, and a tendency for the cells to organize into sheets or form rosettes. Medulloblastoma have a high propensity to spread throughout the craniospinal intradural axis. (From DeVita et al., Cancer: Principles and Practice of Oncology, 5th ed, pp2060-1)"
C0008924,Cleft Lip,orofacial cleft,Congenital defect in the upper lip where the maxillary prominence fails to merge with the merged medial nasal prominences. It is thought to be caused by faulty migration of the mesoderm in the head region.
C0008925,Cleft Palate,orofacial cleft,"Congenital fissure of the soft and/or hard palate, due to faulty fusion."
C0004114,Astrocytoma,cancer,"Neoplasms of the brain and spinal cord derived from glial cells which vary from histologically benign forms to highly anaplastic and malignant tumors. Fibrillary astrocytomas are the most common type and may be classified in order of increasing malignancy (grades I through IV). In the first two decades of life, astrocytomas tend to originate in the cerebellar hemispheres; in adults, they most frequently arise in the cerebrum and frequently undergo malignant transformation. (From Devita et al., Cancer: Principles and Practice of Oncology, 5th ed, pp2013-7; Holland et al., Cancer Medicine, 3d ed, p1082)"
C1260899,"Anemia, Diamond-Blackfan",immune system disease,"A rare congenital hypoplastic anemia that usually presents early in infancy. The disease is characterized by a moderate to severe macrocytic anemia, occasional neutropenia or thrombocytosis, a normocellular bone marrow with erythroid hypoplasia, and an increased risk of developing leukemia. (Curr Opin Hematol 2000 Mar;7(2):85-94)"
C0025286,Meningioma,cancer,"A relatively common neoplasm of the CENTRAL NERVOUS SYSTEM that arises from arachnoidal cells. The majority are well differentiated vascular tumors which grow slowly and have a low potential to be invasive, although malignant subtypes occur. Meningiomas have a predilection to arise from the parasagittal region, cerebral convexity, sphenoidal ridge, olfactory groove, and SPINAL CANAL. (From DeVita et al., Cancer: Principles and Practice of Oncology, 5th ed, pp2056-7)"
C0339527,Leber Congenital Amaurosis,nervous system disease,"A rare degenerative inherited eye disease that appears at birth or in the first few months of life that results in a loss of vision. Not to be confused with LEBER HEREDITARY OPTIC NEUROPATHY, the disease is thought to be caused by abnormal development of PHOTORECEPTOR CELLS in the RETINA, or by the extremely premature degeneration of retinal cells."
C0018213,Graves Disease,immune system disease,"A common form of hyperthyroidism with a diffuse hyperplastic GOITER. It is an autoimmune disorder that produces antibodies against the THYROID STIMULATING HORMONE RECEPTOR. These autoantibodies activate the TSH receptor, thereby stimulating the THYROID GLAND and hypersecretion of THYROID HORMONES. These autoantibodies can also affect the eyes (GRAVES OPHTHALMOPATHY) and the skin (Graves dermopathy)."
C0235032,Neurotoxicity Syndromes,nervous system disease,"Neurologic disorders caused by exposure to toxic substances through ingestion, injection, cutaneous application, or other method. This includes conditions caused by biologic, chemical, and pharmaceutical agents."
C0004238,Atrial Fibrillation,cardiovascular system disease,"Abnormal cardiac rhythm that is characterized by rapid, uncoordinated firing of electrical impulses in the upper chambers of the heart (HEART ATRIA). In such case, blood cannot be effectively pumped into the lower chambers of the heart (HEART VENTRICLES). It is caused by abnormal impulse generation."
C0019189,"Hepatitis, Chronic",gastrointestinal system disease,"INFLAMMATION of the LIVER with ongoing hepatocellular injury for 6 months or more, characterized by NECROSIS of HEPATOCYTES and inflammatory cell (LEUKOCYTES) infiltration. Chronic hepatitis can be caused by viruses, medications, autoimmune diseases, and other unknown factors."
C0004943,Behcet Syndrome,cardiovascular system disease,Rare chronic inflammatory disease involving the small blood vessels. It is of unknown etiology and characterized by mucocutaneous ulceration in the mouth and genital region and uveitis with hypopyon. The neuro-ocular form may cause blindness and death. SYNOVITIS; THROMBOPHLEBITIS; gastrointestinal ulcerations; RETINAL VASCULITIS; and OPTIC ATROPHY may occur as well.
C0020517,Hypersensitivity,immune system disease,"Altered reactivity to an antigen, which can result in pathologic reactions upon subsequent exposure to that particular antigen."
C0027092,Myopia,nervous system disease,"A refractive error in which rays of light entering the EYE parallel to the optic axis are brought to a focus in front of the RETINA when accommodation (ACCOMMODATION, OCULAR) is relaxed. This results from an overly curved CORNEA or from the eyeball being too long from front to back. It is also called nearsightedness."
C0020456,Hyperglycemia,acquired metabolic disease,Abnormally high BLOOD GLUCOSE level.
C0028326,Noonan Syndrome,monogenic disease,"A genetically heterogeneous, multifaceted disorder characterized by short stature, webbed neck, ptosis, skeletal malformations, hypertelorism, hormonal imbalance, CRYPTORCHIDISM, multiple cardiac abnormalities (most commonly including PULMONARY VALVE STENOSIS), and some degree of INTELLECTUAL DISABILITY. The phenotype bears similarities to that of TURNER SYNDROME that occurs only in females and has its basis in a 45, X karyotype abnormality. Noonan syndrome occurs in both males and females with a normal karyotype (46,XX and 46,XY). Mutations in a several genes (PTPN11, KRAS, SOS1, NF1 and RAF1) have been associated the the NS phenotype. Mutations in PTPN11 are the most common. LEOPARD SYNDROME, a disorder that has clinical features overlapping those of Noonan Syndrome, is also due to mutations in PTPN11. In addition, there is overlap with the syndrome called neurofibromatosis-Noonan syndrome due to mutations in NF1."
C0020459,Hyperinsulinism,endocrine system disease,"A syndrome with excessively high INSULIN levels in the BLOOD. It may cause HYPOGLYCEMIA. Etiology of hyperinsulinism varies, including hypersecretion of a beta cell tumor (INSULINOMA); autoantibodies against insulin (INSULIN ANTIBODIES); defective insulin receptor (INSULIN RESISTANCE); or overuse of exogenous insulin or HYPOGLYCEMIC AGENTS."
C0019829,Hodgkin Disease,cancer,"A malignant disease characterized by progressive enlargement of the lymph nodes, spleen, and general lymphoid tissue. In the classical variant, giant usually multinucleate Hodgkin's and REED-STERNBERG CELLS are present; in the nodular lymphocyte predominant variant, lymphocytic and histiocytic cells are seen."
C0013421,Dystonia,nervous system disease,"An attitude or posture due to the co-contraction of agonists and antagonist muscles in one region of the body. It most often affects the large axial muscles of the trunk and limb girdles. Conditions which feature persistent or recurrent episodes of dystonia as a primary manifestation of disease are referred to as DYSTONIC DISORDERS. (Adams et al., Principles of Neurology, 6th ed, p77)"
C0034065,Pulmonary Embolism,cardiovascular system disease,Blocking of the PULMONARY ARTERY or one of its branches by an EMBOLUS.
C0034069,Pulmonary Fibrosis,respiratory system disease,A process in which normal lung tissues are progressively replaced by FIBROBLASTS and COLLAGEN causing an irreversible loss of the ability to transfer oxygen into the bloodstream via PULMONARY ALVEOLI. Patients show progressive DYSPNEA finally resulting in death.
C0035828,Romano-Ward Syndrome,monogenic disease,A form of long QT syndrome that is without congenital deafness. It is caused by mutation of the KCNQ1 gene which encodes a protein in the VOLTAGE-GATED POTASSIUM CHANNEL.
C0023890,Liver Cirrhosis,gastrointestinal system disease,"Liver disease in which the normal microcirculation, the gross vascular anatomy, and the hepatic architecture have been variably destroyed and altered with fibrous septa surrounding regenerated or regenerating parenchymal nodules."
C0028754,Obesity,acquired metabolic disease,"A status with BODY WEIGHT that is grossly above the acceptable or desirable weight, usually due to accumulation of excess FATS in the body. The standards may vary with age, sex, genetic or cultural background. In the BODY MASS INDEX, a BMI greater than 30.0 kg/m2 is considered obese, and a BMI greater than 40.0 kg/m2 is considered morbidly obese (MORBID OBESITY)."
C0878544,Cardiomyopathies,cardiovascular system disease,"A group of diseases in which the dominant feature is the involvement of the CARDIAC MUSCLE itself. Cardiomyopathies are classified according to their predominant pathophysiological features (DILATED CARDIOMYOPATHY; HYPERTROPHIC CARDIOMYOPATHY; RESTRICTIVE CARDIOMYOPATHY) or their etiological/pathological factors (CARDIOMYOPATHY, ALCOHOLIC; ENDOCARDIAL FIBROELASTOSIS)."
C0265965,Dyskeratosis Congenita,integumentary system disease,"A predominantly X-linked recessive syndrome characterized by a triad of reticular skin pigmentation, nail dystrophy and leukoplakia of mucous membranes. Oral and dental abnormalities may also be present. Complications are a predisposition to malignancy and bone marrow involvement with pancytopenia. (from Int J Paediatr Dent 2000 Dec;10(4):328-34) The X-linked form is also known as Zinsser-Cole-Engman syndrome and involves the gene which encodes a highly conserved protein called dyskerin."
C0041948,Uremia,urinary system disease,"A clinical syndrome associated with the retention of renal waste products or uremic toxins in the blood. It is usually the result of RENAL INSUFFICIENCY. Most uremic toxins are end products of protein or nitrogen CATABOLISM, such as UREA or CREATININE. Severe uremia can lead to multiple organ dysfunctions with a constellation of symptoms."
C0024299,Lymphoma,cancer,A general term for various neoplastic diseases of the lymphoid tissue.
C0038356,Stomach Neoplasms,cancer,Tumors or cancer of the STOMACH.
C0029463,Osteosarcoma,cancer,"A sarcoma originating in bone-forming cells, affecting the ends of long bones. It is the most common and most malignant of sarcomas of the bones, and occurs chiefly among 10- to 25-year-old youths. (From Stedman, 25th ed)"
C0042900,Vitiligo,immune system disease,"A disorder consisting of areas of macular depigmentation, commonly on extensor aspects of extremities, on the face or neck, and in skin folds. Age of onset is often in young adulthood and the condition tends to progress gradually with lesions enlarging and extending until a quiescent state is reached."
C0021390,Inflammatory Bowel Diseases,gastrointestinal system disease,"Chronic, non-specific inflammation of the GASTROINTESTINAL TRACT. Etiology may be genetic or environmental. This term includes CROHN DISEASE and ULCERATIVE COLITIS."
C0019569,Hirschsprung Disease,gastrointestinal system disease,"Congenital MEGACOLON resulting from the absence of ganglion cells (aganglionosis) in a distal segment of the LARGE INTESTINE. The aganglionic segment is permanently contracted thus causing dilatation proximal to it. In most cases, the aganglionic segment is within the RECTUM and SIGMOID COLON."
C0162871,"Aortic Aneurysm, Abdominal",cardiovascular system disease,"An abnormal balloon- or sac-like dilatation in the wall of the ABDOMINAL AORTA which gives rise to the visceral, the parietal, and the terminal (iliac) branches below the aortic hiatus at the diaphragm."
C0002622,Amnesia,cognitive disorder,"Pathologic partial or complete loss of the ability to recall past experiences (AMNESIA, RETROGRADE) or to form new memories (AMNESIA, ANTEROGRADE). This condition may be of organic or psychologic origin. Organic forms of amnesia are usually associated with dysfunction of the DIENCEPHALON or HIPPOCAMPUS. (From Adams et al., Principles of Neurology, 6th ed, pp426-7)"
C0038220,Status Epilepticus,nervous system disease,"A prolonged seizure or seizures repeated frequently enough to prevent recovery between episodes occurring over a period of 20-30 minutes. The most common subtype is generalized tonic-clonic status epilepticus, a potentially fatal condition associated with neuronal injury and respiratory and metabolic dysfunction. Nonconvulsive forms include petit mal status and complex partial status, which may manifest as behavioral disturbances. Simple partial status epilepticus consists of persistent motor, sensory, or autonomic seizures that do not impair cognition (see also EPILEPSIA PARTIALIS CONTINUA). Subclinical status epilepticus generally refers to seizures occurring in an unresponsive or comatose individual in the absence of overt signs of seizure activity. (From N Engl J Med 1998 Apr 2;338(14):970-6; Neurologia 1997 Dec;12 Suppl 6:25-30)"
C0006663,Calcinosis,acquired metabolic disease,Pathologic deposition of calcium salts in tissues.
C0003504,Aortic Valve Insufficiency,cardiovascular system disease,"Pathological condition characterized by the backflow of blood from the ASCENDING AORTA back into the LEFT VENTRICLE, leading to regurgitation. It is caused by diseases of the AORTIC VALVE or its surrounding tissue (aortic root)."
C0030567,Parkinson Disease,nervous system disease,"A progressive, degenerative neurologic disease characterized by a TREMOR that is maximal at rest, retropulsion (i.e. a tendency to fall backwards), rigidity, stooped posture, slowness of voluntary movements, and a masklike facial expression. Pathologic features include loss of melanin containing neurons in the substantia nigra and other pigmented nuclei of the brainstem. LEWY BODIES are present in the substantia nigra and locus coeruleus but may also be found in a related condition (LEWY BODY DISEASE, DIFFUSE) characterized by dementia in combination with varying degrees of parkinsonism. (Adams et al., Principles of Neurology, 6th ed, p1059, pp1067-75)"
C0014170,Endometrial Neoplasms,cancer,"Tumors or cancer of ENDOMETRIUM, the mucous lining of the UTERUS. These neoplasms can be benign or malignant. Their classification and grading are based on the various cell types and the percent of undifferentiated cells."
C0014175,Endometriosis,reproductive system disease,"A condition in which functional endometrial tissue is present outside the UTERUS. It is often confined to the PELVIS involving the OVARY, the ligaments, cul-de-sac, and the uterovesical peritoneum."
C0014859,Esophageal Neoplasms,cancer,Tumors or cancer of the ESOPHAGUS.
C0341106,Eosinophilic Esophagitis,gastrointestinal system disease,"Chronic ESOPHAGITIS characterized by esophageal mucosal EOSINOPHILIA. It is diagnosed when an increase in EOSINOPHILS are present over the entire esophagus. The reflux symptoms fail to respond to PROTON PUMP INHIBITORS treatment, unlike in GASTROESOPHAGEAL REFLUX DISEASE. The symptoms are associated with IgE-mediated hypersensitivity to food or inhalant allergens."
C0752347,Lewy Body Disease,nervous system disease,"A neurodegenerative disease characterized by dementia, mild parkinsonism, and fluctuations in attention and alertness. The neuropsychiatric manifestations tend to precede the onset of bradykinesia, MUSCLE RIGIDITY, and other extrapyramidal signs. DELUSIONS and visual HALLUCINATIONS are relatively frequent in this condition. Histologic examination reveals LEWY BODIES in the CEREBRAL CORTEX and BRAIN STEM. SENILE PLAQUES and other pathologic features characteristic of ALZHEIMER DISEASE may also be present. (From Neurology 1997;48:376-380; Neurology 1996;47:1113-1124)"
